<?xml version="1.0" encoding="UTF-8"?><?xml-stylesheet type='text/xsl' href='_UpgradeReport_Files/UpgradeReport.xslt'?><UpgradeLog>
<Properties><Property Name="Solution" Value="CSharpFilters">
</Property><Property Name="Solution File" Value="C:\Nastava\Multimedijalni sistemi\Filters8Bit\CSharpFilters.sln">
</Property><Property Name="User Options File" Value="C:\Nastava\Multimedijalni sistemi\Filters8Bit\CSharpFilters.suo">
</Property><Property Name="Date" Value="Thursday, March 22, 2012">
</Property><Property Name="Time" Value="10:22 AM">
</Property></Properties><Event ErrorLevel="0" Project="" Source="CSharpFilters.sln" Description="File successfully backed up as C:\Nastava\Multimedijalni sistemi\Filters8Bit\Backup\CSharpFilters.sln">
</Event><Event ErrorLevel="0" Project="" Source="CSharpFilters.suo" Description="File successfully backed up as C:\Nastava\Multimedijalni sistemi\Filters8Bit\Backup\CSharpFilters.suo">
</Event><Event ErrorLevel="0" Project="CSharpFilters" Source="CSharpFilters\CSharpFilters.csproj" Description="Project file successfully backed up as C:\Nastava\Multimedijalni sistemi\Filters8Bit\Backup\CSharpFilters\CSharpFilters.csproj">
</Event><Event ErrorLevel="0" Project="CSharpFilters" Source="CSharpFilters\CSharpFilters.csproj.user" Description="Project user file successfully backed up as C:\Nastava\Multimedijalni sistemi\Filters8Bit\Backup\CSharpFilters\CSharpFilters.csproj.user">
</Event><Event ErrorLevel="0" Project="CSharpFilters" Source="CSharpFilters\AssemblyInfo.cs" Description="File successfully backed up as C:\Nastava\Multimedijalni sistemi\Filters8Bit\Backup\CSharpFilters\AssemblyInfo.cs">
</Event><Event ErrorLevel="0" Project="CSharpFilters" Source="CSharpFilters\BitMapBytes.cs" Description="File successfully backed up as C:\Nastava\Multimedijalni sistemi\Filters8Bit\Backup\CSharpFilters\BitMapBytes.cs">
</Event><Event ErrorLevel="0" Project="CSharpFilters" Source="CSharpFilters\ColorInput.cs" Description="File successfully backed up as C:\Nastava\Multimedijalni sistemi\Filters8Bit\Backup\CSharpFilters\ColorInput.cs">
</Event><Event ErrorLevel="0" Project="CSharpFilters" Source="CSharpFilters\Convolution.cs" Description="File successfully backed up as C:\Nastava\Multimedijalni sistemi\Filters8Bit\Backup\CSharpFilters\Convolution.cs">
</Event><Event ErrorLevel="0" Project="CSharpFilters" Source="CSharpFilters\Filters.cs" Description="File successfully backed up as C:\Nastava\Multimedijalni sistemi\Filters8Bit\Backup\CSharpFilters\Filters.cs">
</Event><Event ErrorLevel="0" Project="CSharpFilters" Source="CSharpFilters\Form1.cs" Description="File successfully backed up as C:\Nastava\Multimedijalni sistemi\Filters8Bit\Backup\CSharpFilters\Form1.cs">
</Event><Event ErrorLevel="0" Project="CSharpFilters" Source="CSharpFilters\GammaInput.cs" Description="File successfully backed up as C:\Nastava\Multimedijalni sistemi\Filters8Bit\Backup\CSharpFilters\GammaInput.cs">
</Event><Event ErrorLevel="0" Project="CSharpFilters" Source="CSharpFilters\Parameter.cs" Description="File successfully backed up as C:\Nastava\Multimedijalni sistemi\Filters8Bit\Backup\CSharpFilters\Parameter.cs">
</Event><Event ErrorLevel="0" Project="CSharpFilters" Source="CSharpFilters\Resize.cs" Description="File successfully backed up as C:\Nastava\Multimedijalni sistemi\Filters8Bit\Backup\CSharpFilters\Resize.cs">
</Event><Event ErrorLevel="0" Project="CSharpFilters" Source="CSharpFilters\Watermark.cs" Description="File successfully backed up as C:\Nastava\Multimedijalni sistemi\Filters8Bit\Backup\CSharpFilters\Watermark.cs">
</Event><Event ErrorLevel="0" Project="CSharpFilters" Source="CSharpFilters\App.ico" Description="File successfully backed up as C:\Nastava\Multimedijalni sistemi\Filters8Bit\Backup\CSharpFilters\App.ico">
</Event><Event ErrorLevel="0" Project="CSharpFilters" Source="CSharpFilters\ColorInput.resx" Description="File successfully backed up as C:\Nastava\Multimedijalni sistemi\Filters8Bit\Backup\CSharpFilters\ColorInput.resx">
</Event><Event ErrorLevel="0" Project="CSharpFilters" Source="CSharpFilters\Convolution.resx" Description="File successfully backed up as C:\Nastava\Multimedijalni sistemi\Filters8Bit\Backup\CSharpFilters\Convolution.resx">
</Event><Event ErrorLevel="0" Project="CSharpFilters" Source="CSharpFilters\Form1.resx" Description="File successfully backed up as C:\Nastava\Multimedijalni sistemi\Filters8Bit\Backup\CSharpFilters\Form1.resx">
</Event><Event ErrorLevel="0" Project="CSharpFilters" Source="CSharpFilters\GammaInput.resx" Description="File successfully backed up as C:\Nastava\Multimedijalni sistemi\Filters8Bit\Backup\CSharpFilters\GammaInput.resx">
</Event><Event ErrorLevel="0" Project="CSharpFilters" Source="CSharpFilters\Parameter.resx" Description="File successfully backed up as C:\Nastava\Multimedijalni sistemi\Filters8Bit\Backup\CSharpFilters\Parameter.resx">
</Event><Event ErrorLevel="0" Project="CSharpFilters" Source="CSharpFilters\Resize.resx" Description="File successfully backed up as C:\Nastava\Multimedijalni sistemi\Filters8Bit\Backup\CSharpFilters\Resize.resx">
</Event><Event ErrorLevel="1" Project="CSharpFilters" Source="CSharpFilters\CSharpFilters.csproj" Description="Your project is targeting .NET Framework 2.0 or 3.0. If your project uses assemblies requiring a newer .NET Framework, your project will fail to build. You can change the .NET Framework version by clicking Properties on the project menu and then selecting a new version in the '.NET Framework' dropdown box. (In Visual Basic, this is located on the Compile tab by clicking the 'Advanced Compiler Options...' button.)">
</Event><Event ErrorLevel="0" Project="CSharpFilters" Source="CSharpFilters\CSharpFilters.csproj" Description="Project converted successfully">
</Event><Event ErrorLevel="3" Project="CSharpFilters" Source="CSharpFilters\CSharpFilters.csproj" Description="Converted">
</Event><Event ErrorLevel="0" Project="" Source="CSharpFilters.sln" Description="Solution converted successfully">
</Event><Event ErrorLevel="3" Project="" Source="CSharpFilters.sln" Description="Converted">
</Event><Event ErrorLevel="0" Project="CSharpFilters" Source="CSharpFilters\CSharpFilters.csproj" Description="Scan complete: Upgrade not required for project files.">
</Event></UpgradeLog>